{
  "rotations": {
    "0": 77.76388549804688,
    "1": 336.6147766113281,
    "2": 358.26429748535156,
    "3": 212.5350685119629,
    "4": 75.5999755859375,
    "5": 210.06858444213867,
    "6": 243.43495178222656,
    "7": 68.1985855102539,
    "8": 23.2945613861084
  },
  "initial_positions": {
    "0": [
      339,
      815
    ],
    "1": [
      1173,
      774
    ],
    "2": [
      131,
      685
    ],
    "3": [
      1488,
      586
    ],
    "4": [
      564,
      531
    ],
    "5": [
      1036,
      438
    ],
    "6": [
      982,
      262
    ],
    "7": [
      1262,
      119
    ],
    "8": [
      1032,
      67
    ]
  }
}